{
  "lastUpdated": "2025-06-01T00:10:21.446Z",
  "totalDocuments": 15,
  "categories": {
    "development": 5,
    "patterns": 0,
    "features": 0,
    "infrastructure": 0
  },
  "documents": [
    {
      "path": "docs\\ai-context\\AI-SESSION-GUIDELINES.md",
      "category": "general",
      "lastModified": "2025-05-31T23:18:54.821Z",
      "size": 9357
    },
    {
      "path": "docs\\ai-context\\CURRENT-PROJECT-STATE.md",
      "category": "general",
      "lastModified": "2025-05-31T22:40:11.237Z",
      "size": 7175
    },
    {
      "path": "docs\\ai-context\\GIT-WORKFLOW-SIMPLIFIED.md",
      "category": "general",
      "lastModified": "2025-05-31T22:47:15.102Z",
      "size": 7707
    },
    {
      "path": "docs\\ai-context\\IMPLEMENTATION-PATTERNS.md",
      "category": "general",
      "lastModified": "2025-05-31T23:19:13.285Z",
      "size": 12491
    },
    {
      "path": "docs\\ai-context\\LESSONS-LEARNED-SYSTEM-V2.md",
      "category": "general",
      "lastModified": "2025-05-31T22:39:27.896Z",
      "size": 8019
    },
    {
      "path": "docs\\ai-context\\MVP-ARCHITECTURE-DECISIONS.md",
      "category": "general",
      "lastModified": "2025-05-31T23:18:37.503Z",
      "size": 10964
    },
    {
      "path": "docs\\ai-context\\README.md",
      "category": "general",
      "lastModified": "2025-05-31T22:38:42.505Z",
      "size": 4160
    },
    {
      "path": "docs\\development\\ACCOUNTABILITY-CHECKPOINT.md",
      "category": "development",
      "lastModified": "2025-06-01T00:04:23.583Z",
      "size": 4456
    },
    {
      "path": "docs\\development\\AI-CURRENT-CONTEXT.md",
      "category": "development",
      "lastModified": "2025-06-01T00:10:21.441Z",
      "size": 910
    },
    {
      "path": "docs\\development\\AI-SESSION-TEMPLATE.md",
      "category": "development",
      "lastModified": "2025-06-01T00:07:40.644Z",
      "size": 1595
    },
    {
      "path": "docs\\development\\ANTI-DRIFT-PROTOCOL.md",
      "category": "development",
      "lastModified": "2025-05-31T23:52:23.510Z",
      "size": 7913
    },
    {
      "path": "docs\\development\\INFRASTRUCTURE-GUIDE.md",
      "category": "development",
      "lastModified": "2025-05-31T23:34:51.384Z",
      "size": 7672
    },
    {
      "path": "docs\\MVP-PROGRESS-TRACKER.md",
      "category": "general",
      "lastModified": "2025-05-31T22:34:22.878Z",
      "size": 5702
    },
    {
      "path": "docs\\progress\\MVP-FEATURE-TRACKER.md",
      "category": "general",
      "lastModified": "2025-05-31T22:53:28.671Z",
      "size": 7607
    },
    {
      "path": "docs\\WHAT-WE-EXTRACTED.md",
      "category": "general",
      "lastModified": "2025-05-31T22:35:20.928Z",
      "size": 4495
    }
  ]
}