{
  "patterns": [
    {
      "name": "Static Profile Generation",
      "complexity": 120,
      "usage": "active",
      "lastModified": "2025-06-01T00:10:21.438Z",
      "compliance": 95
    }
  ],
  "architecture": {
    "type": "Static Generation + Progressive PWA",
    "dataFlow": "JSON → HTML Generation",
    "authentication": "Magic URL Edit Tokens",
    "complexity": 450,
    "budget": 2000,
    "deployment": "CDN + Serverless Functions",
    "database": "JSON Files (migrating to PostgreSQL)",
    "fileUploads": "Multer (local storage)",
    "lastArchitectureReview": "2025-06-01T00:10:21.439Z"
  },
  "features": [],
  "quality": {
    "totalComplexity": 450,
    "testCoverage": 85,
    "patternCompliance": 95,
    "mobileCompatibility": 100,
    "performanceScore": 90,
    "securityScore": 95
  },
  "lastUpdated": "2025-06-01T00:10:21.428Z"
}